iter	Logloss	AUC
0	0.002349136946	0.1	9.06046071	1.67072	9.054993822	1.67073	9.054993823	1.67074	9.054993824	1.67075	9.054993825	1.67076	9.054993826	1.67077	9.054993827	1.67078	9.054993828	1.67079	9.054993829	1.670796225e-05	1
