iter	Logloss	AUC
0	0.002348449831	0.1	1.36540451	1.667472	9.02861802	1.667473	9.00684293	1.667474	9.00143024	1.667475	9.00143025	1.667476	9.00143026	1.667477	9.00143027	1.667478	8.99062448	1.667479	8.99062449	1.6674710	8.99062410	1.6674711	8.99062411	1.6674712	8.99062412	1.6674713	8.99062413	1.6674714	8.99062414	1.6674715	8.99062415	1.6674716	8.99062416	1.6674717	8.99062417	1.6674718	8.99062418	1.6674719	8.99062419	1.6674720	8.99062420	1.6674721	8.99062421	1.6674722	8.99062422	1.6674723	8.99062423	1.6674724	8.99062424	1.6674725	8.99062425	1.6674726	8.99062426	1.6674727	8.99062427	1.6674728	8.99062428	1.6674729	8.99062429	1.6674730	8.99062430	1.6674731	8.99062431	1.6674732	8.99062432	1.6674733	8.99062433	1.6674734	8.99062434	1.6674735	8.99062435	1.6674736	8.99062436	1.6674737	8.99062437	1.6674738	8.99062438	1.6674739	8.99062439	1.6674740	8.99062440	1.6674741	8.99062441	1.6674742	8.99062442	1.6674743	8.99062443	1.6674744	8.99062444	1.6674745	8.99062445	1.6674746	8.99062446	1.6674747	8.99062447	1.6674748	8.99062448	1.6674749	8.99062449	1.667478204e-05	1
